{
	"pages": {
		"DocumentSubmission": {
			"start": true,
			"routes": {
				"edit": "DocumentSubmission.edit",
                "LicenseePicker": "LicenseePicker"
			}
		},
      "DocumentSubmission.edit": {
          "template": "DocumentSubmission.html",
          "editable": true,
          "routes": {
              "preview": "DocumentSubmission"
          }
      },
      "LicenseePicker": {
           "template": "LicenseePicker.html",
          "editable": true,
          "routes": {
              "DocumentSubmission": "DocumentSubmission"
          }
      }
	}
}