<TYPEEXTENSIOND1><__metadata><apiVersion>400</apiVersion><type>$TypeExtensionD1</type><uid>122059783</uid><createTimestamp>2014-03-20 20:56:21.561</createTimestamp><modifyTimestamp>2014-07-22 14:07:06.881</modifyTimestamp><status>Active</status><creatorId>5717989018004281</creatorId><fingerprint>b56a6b65a435a7d5b2eb4e8150d5ef0a</fingerprint></__metadata><type>$TypeExtensionD1</type><uid>122059783</uid><platformModuleId>121329544</platformModuleId><platformModuleType>PlatformModule</platformModuleType><documentType>PurchaseOrder</documentType><apiVersion>310</apiVersion><status>InActive</status><rank>10</rank><callbacks><uid>123518703</uid><event>onSave</event><role>Buyer</role><functionName>addAndRemovePurcaseOrderReferences</functionName></callbacks><fingerprint>b56a6b65a435a7d5b2eb4e8150d5ef0a</fingerprint></TYPEEXTENSIOND1>