<TYPEEXTENSIOND1><__metadata><apiVersion>400</apiVersion><type>$TypeExtensionD1</type><uid>121329572</uid><createTimestamp>2014-02-25 18:26:30.278</createTimestamp><modifyTimestamp>2014-07-22 14:07:06.864</modifyTimestamp><status>Active</status><creatorId>5717989018004281</creatorId><fingerprint>e712650e9a99349a8cdc16166b8adc08</fingerprint></__metadata><type>$TypeExtensionD1</type><uid>121329572</uid><platformModuleId>121329544</platformModuleId><platformModuleType>PlatformModule</platformModuleType><documentType>PurchaseOrder</documentType><apiVersion>310</apiVersion><status>InActive</status><rank>5</rank><callbacks><uid>123518699</uid><event>onSave</event><role>Buyer</role><functionName>updateReferenceInfo</functionName></callbacks><fingerprint>e712650e9a99349a8cdc16166b8adc08</fingerprint></TYPEEXTENSIOND1>