<?xml version="1.0" encoding="UTF-8" standalone="no"?>
<CustomObjectDesignV110>
<version>0</version>
<globalObjectType>$workflowPlaygroundQ1</globalObjectType>
<name>workflowPlayground</name>
<description>Custom Object to Mess with Workflow</description>
<uniqueIdentifier>identifier</uniqueIdentifier>
<licenseeField>Messenger</licenseeField>
<designType>PRIMARY</designType>
<scalarField>
<fieldName>identifier</fieldName>
<fieldNumber>1</fieldNumber>
<fieldPosition>10</fieldPosition>
<dataType>TEXT</dataType>
<detailedDataType>TEXT</detailedDataType>
<indexed>true</indexed>
<summaryField>true</summaryField>
<maxLength>200</maxLength>
<renderedOnUi>NORMAL</renderedOnUi>
<extendedData>
<dataKey>TABINDEX</dataKey>
<stringValue>10</stringValue>
</extendedData>
<extendedData>
<dataKey>TEXTAREAROWS</dataKey>
</extendedData>
</scalarField>
<scalarField>
<fieldName>state</fieldName>
<fieldNumber>2</fieldNumber>
<fieldPosition>20</fieldPosition>
<dataType>TEXT</dataType>
<detailedDataType>TEXT</detailedDataType>
<indexed>true</indexed>
<summaryField>true</summaryField>
<maxLength>200</maxLength>
<renderedOnUi>READONLY</renderedOnUi>
<extendedData>
<dataKey>TABINDEX</dataKey>
<stringValue>20</stringValue>
</extendedData>
<extendedData>
<dataKey>TEXTAREAROWS</dataKey>
</extendedData>
</scalarField>
<scalarField>
<fieldName>Messenger</fieldName>
<fieldNumber>4</fieldNumber>
<fieldPosition>30</fieldPosition>
<dataType>COMPLEX</dataType>
<detailedDataType>PARTY</detailedDataType>
<indexed>true</indexed>
<summaryField>true</summaryField>
<maxLength>200</maxLength>
<renderedOnUi>NORMAL</renderedOnUi>
<extendedData>
<dataKey>ROLE</dataKey>
<stringValue>Buyer</stringValue>
</extendedData>
<extendedData>
<dataKey>TABINDEX</dataKey>
<stringValue>30</stringValue>
</extendedData>
<extendedData>
<dataKey>TEXTAREAROWS</dataKey>
</extendedData>
</scalarField>
<scalarField>
<fieldName>TaskThisAction</fieldName>
<fieldNumber>6</fieldNumber>
<fieldPosition>60</fieldPosition>
<dataType>BOOLEAN</dataType>
<detailedDataType>BOOLEAN</detailedDataType>
<indexed>false</indexed>
<summaryField>false</summaryField>
<maxLength>200</maxLength>
<renderedOnUi>NORMAL</renderedOnUi>
<extendedData>
<dataKey>TABINDEX</dataKey>
<stringValue>60</stringValue>
</extendedData>
<extendedData>
<dataKey>TEXTAREAROWS</dataKey>
</extendedData>
</scalarField>
<scalarField>
<fieldName>MessageReceiver</fieldName>
<fieldNumber>3</fieldNumber>
<fieldPosition>40</fieldPosition>
<dataType>COMPLEX</dataType>
<detailedDataType>PARTY</detailedDataType>
<indexed>true</indexed>
<summaryField>true</summaryField>
<maxLength>200</maxLength>
<renderedOnUi>NORMAL</renderedOnUi>
<extendedData>
<dataKey>ROLE</dataKey>
<stringValue>Seller</stringValue>
</extendedData>
<extendedData>
<dataKey>TABINDEX</dataKey>
<stringValue>40</stringValue>
</extendedData>
<extendedData>
<dataKey>TEXTAREAROWS</dataKey>
</extendedData>
</scalarField>
<scalarField>
<fieldName>TaskedToParty</fieldName>
<fieldNumber>5</fieldNumber>
<fieldPosition>70</fieldPosition>
<dataType>COMPLEX</dataType>
<detailedDataType>PARTY</detailedDataType>
<indexed>true</indexed>
<summaryField>true</summaryField>
<maxLength>200</maxLength>
<renderedOnUi>NORMAL</renderedOnUi>
<extendedData>
<dataKey>ROLE</dataKey>
<stringValue>Carrier</stringValue>
</extendedData>
<extendedData>
<dataKey>TABINDEX</dataKey>
<stringValue>70</stringValue>
</extendedData>
<extendedData>
<dataKey>TEXTAREAROWS</dataKey>
</extendedData>
</scalarField>
<workflowFeature>
<enabled>true</enabled>
<businessStatusField>state</businessStatusField>
<workflow>
<name>$$workflowPlaygroundQ1CodWorkflowDesign</name>
<initialStatus>Start</initialStatus>
<step>
<editRoles>Buyer,Seller,Carrier,ObjectCreator</editRoles>
<state>Start</state>
<taskedAction>Task</taskedAction>
<systemDelete>false</systemDelete>
</step>
<step>
<editRoles>Buyer,Seller,Carrier,ObjectCreator</editRoles>
<state>Tasked</state>
<taskedAction>ReTask</taskedAction>
<systemDelete>false</systemDelete>
</step>
<step>
<editRoles>Buyer,Seller,Carrier,ObjectCreator</editRoles>
<state>Completed</state>
<systemDelete>false</systemDelete>
</step>
<step>
<editRoles>Buyer,Seller,Carrier,ObjectCreator</editRoles>
<state>UnTasked</state>
<systemDelete>false</systemDelete>
</step>
<transition>
<fromState>Start</fromState>
<toState>Tasked</toState>
<action>Task</action>
<roles>Buyer</roles>
</transition>
<transition>
<fromState>Tasked</fromState>
<toState>Completed</toState>
<action>Complete</action>
<roles>Carrier</roles>
</transition>
<transition>
<fromState>Completed</fromState>
<toState>Start</toState>
<action>ReStart</action>
<roles>Buyer</roles>
</transition>
<transition>
<fromState>UnTasked</fromState>
<toState>Completed</toState>
<action>Complete</action>
<roles>Buyer</roles>
</transition>
<transition>
<fromState>UnTasked</fromState>
<toState>Tasked</toState>
<action>Task</action>
<roles>Buyer</roles>
</transition>
<transition>
<fromState>Tasked</fromState>
<toState>Tasked</toState>
<action>ReTask</action>
<roles>Carrier</roles>
</transition>
</workflow>
</workflowFeature>
<scriptingFeature>
<enabled>true</enabled>
<mimeType>application/zip</mimeType>
<description>two.zip</description>
<fileName>ScriptDesign_$workflowPlaygroundQ1.zip</fileName>
</scriptingFeature>
<navFeature>
<enabled>true</enabled>
<navHeading>process</navHeading>
</navFeature>
<visibilityType>COMMUNITY</visibilityType>
<roleSecurity>
<role>Buyer</role>
<action>create</action>
</roleSecurity>
<roleSecurity>
<role>Buyer</role>
<action>modify</action>
</roleSecurity>
<roleSecurity>
<role>ObjectCreator</role>
<action>modify</action>
</roleSecurity>
<roleSecurity>
<role>Seller</role>
<action>modify</action>
</roleSecurity>
<roleSecurity>
<role>Carrier</role>
<action>modify</action>
</roleSecurity>
<codSection/>
<schemaVers>V12_3</schemaVers>
<apiVersion>310</apiVersion>
</CustomObjectDesignV110>
