<CustomObjectDesignV110><version>0</version><globalObjectType>$tryItOutQ1</globalObjectType><name>tryItOut</name><description>Try it out</description><uniqueIdentifier>identifier</uniqueIdentifier><designType>PRIMARY</designType><scalarField><fieldName>identifier</fieldName><fieldNumber>1</fieldNumber><fieldPosition>10</fieldPosition><dataType>TEXT</dataType><detailedDataType>TEXT</detailedDataType><indexed>true</indexed><summaryField>true</summaryField><maxLength>200</maxLength><renderedOnUi>NORMAL</renderedOnUi><extendedData><dataKey>TABINDEX</dataKey><stringValue>10</stringValue></extendedData><extendedData><dataKey>TEXTAREAROWS</dataKey></extendedData></scalarField><scalarField><fieldName>changeMe</fieldName><fieldNumber>2</fieldNumber><fieldPosition>20</fieldPosition><dataType>TEXT</dataType><detailedDataType>TEXT</detailedDataType><indexed>true</indexed><summaryField>true</summaryField><maxLength>200</maxLength><renderedOnUi>NORMAL</renderedOnUi><extendedData><dataKey>TABINDEX</dataKey><stringValue>20</stringValue></extendedData><extendedData><dataKey>TEXTAREAROWS</dataKey></extendedData></scalarField><scalarField><fieldName>ThirdParty</fieldName><fieldNumber>3</fieldNumber><fieldPosition>30</fieldPosition><dataType>COMPLEX</dataType><detailedDataType>PARTY</detailedDataType><indexed>true</indexed><summaryField>true</summaryField><maxLength>200</maxLength><renderedOnUi>NORMAL</renderedOnUi><extendedData><dataKey>ROLE</dataKey><stringValue>ReceivedFrom</stringValue></extendedData><extendedData><dataKey>TABINDEX</dataKey><stringValue>30</stringValue></extendedData><extendedData><dataKey>TEXTAREAROWS</dataKey></extendedData></scalarField><scalarField><fieldName>testAPI</fieldName><fieldNumber>4</fieldNumber><fieldPosition>50</fieldPosition><dataType>COMPLEX</dataType><detailedDataType>ROOTPOINTER</detailedDataType><indexed>true</indexed><summaryField>true</summaryField><maxLength>200</maxLength><renderedOnUi>NORMAL</renderedOnUi><extendedData><dataKey>ROOTTYPE</dataKey><stringValue>$testAPIQ1</stringValue></extendedData><extendedData><dataKey>OQLFILTER</dataKey></extendedData><extendedData><dataKey>TABINDEX</dataKey><stringValue>50</stringValue></extendedData><extendedData><dataKey>TEXTAREAROWS</dataKey></extendedData></scalarField><scalarField><fieldName>state</fieldName><fieldNumber>5</fieldNumber><fieldPosition>60</fieldPosition><dataType>TEXT</dataType><detailedDataType>TEXT</detailedDataType><indexed>true</indexed><summaryField>true</summaryField><maxLength>100</maxLength><renderedOnUi>READONLY</renderedOnUi><extendedData><dataKey>TABINDEX</dataKey><stringValue>60</stringValue></extendedData><extendedData><dataKey>TEXTAREAROWS</dataKey></extendedData></scalarField><anchor><transactionType>Order</transactionType><isCollection>true</isCollection></anchor><visibilityType>TRANSACTION</visibilityType><roleSecurity><role>Buyer</role><action>create</action></roleSecurity><roleSecurity><role>Buyer</role><action>modify</action></roleSecurity><roleSecurity><role>Seller</role><action>create</action></roleSecurity><roleSecurity><role>Seller</role><action>modify</action></roleSecurity><roleSecurity><role>Licensee</role><action>create</action></roleSecurity><roleSecurity><role>Licensee</role><action>modify</action></roleSecurity><roleSecurity><role>ObjectCreator</role><action>modify</action></roleSecurity><codSection></codSection><schemaVers>V12_3</schemaVers><apiVersion>310</apiVersion></CustomObjectDesignV110>