<CustomObjectDesignV110><version>0</version><globalObjectType>$coForDeletionQ1</globalObjectType><name>coForDeletion</name><description>Deletion Example</description><uniqueIdentifier>identifier</uniqueIdentifier><designType>PRIMARY</designType><scalarField><fieldName>identifier</fieldName><fieldNumber>1</fieldNumber><fieldPosition>10</fieldPosition><dataType>TEXT</dataType><detailedDataType>TEXT</detailedDataType><indexed>true</indexed><summaryField>true</summaryField><maxLength>200</maxLength><renderedOnUi>NORMAL</renderedOnUi><extendedData><dataKey>TABINDEX</dataKey><stringValue>10</stringValue></extendedData><extendedData><dataKey>TEXTAREAROWS</dataKey></extendedData></scalarField><visibilityType>COMMUNITY</visibilityType><codSection></codSection><schemaVers>V12_3</schemaVers><apiVersion>310</apiVersion></CustomObjectDesignV110>