<?xml version="1.0" encoding="UTF-8" standalone="no"?>
<CustomObjectDesignV110>
<version>0</version>
<globalObjectType>$SampleTrainingObjectQ1</globalObjectType>
<name>SampleTrainingObject</name>
<description>Training Playground Object</description>
<uniqueIdentifier>identifier</uniqueIdentifier>
<useTableSupport>false</useTableSupport>
<designType>PRIMARY</designType>
<scalarField>
<fieldName>identifier</fieldName>
<fieldNumber>1</fieldNumber>
<description>Identifier</description>
<fieldPosition>10</fieldPosition>
<dataType>TEXT</dataType>
<detailedDataType>TEXT</detailedDataType>
<indexed>true</indexed>
<summaryField>true</summaryField>
<maxLength>100</maxLength>
<renderedOnUi>NORMAL</renderedOnUi>
<extendedData>
<dataKey>TABINDEX</dataKey>
<stringValue>10</stringValue>
</extendedData>
<extendedData>
<dataKey>TEXTAREAROWS</dataKey>
</extendedData>
</scalarField>
<scalarField>
<fieldName>state</fieldName>
<fieldNumber>2</fieldNumber>
<description>Workflow Status</description>
<fieldPosition>20</fieldPosition>
<dataType>TEXT</dataType>
<detailedDataType>TEXT</detailedDataType>
<indexed>true</indexed>
<summaryField>true</summaryField>
<maxLength>100</maxLength>
<renderedOnUi>READONLY</renderedOnUi>
<extendedData>
<dataKey>TABINDEX</dataKey>
<stringValue>20</stringValue>
</extendedData>
<extendedData>
<dataKey>TEXTAREAROWS</dataKey>
</extendedData>
</scalarField>
<scalarField>
<fieldName>PassOrFail</fieldName>
<fieldNumber>3</fieldNumber>
<description>Pass or Fail State</description>
<fieldPosition>30</fieldPosition>
<dataType>TEXT</dataType>
<detailedDataType>PICKLIST</detailedDataType>
<indexed>true</indexed>
<summaryField>false</summaryField>
<maxLength>200</maxLength>
<renderedOnUi>NORMAL</renderedOnUi>
<extendedData>
<dataKey>PICKLIST</dataKey>
<stringValue>passFail</stringValue>
</extendedData>
<extendedData>
<dataKey>TABINDEX</dataKey>
<stringValue>30</stringValue>
</extendedData>
<extendedData>
<dataKey>TEXTAREAROWS</dataKey>
</extendedData>
</scalarField>
<scalarField>
<fieldName>Buyer</fieldName>
<fieldNumber>4</fieldNumber>
<description>Buyer</description>
<fieldPosition>40</fieldPosition>
<dataType>COMPLEX</dataType>
<detailedDataType>PARTY</detailedDataType>
<indexed>true</indexed>
<summaryField>false</summaryField>
<maxLength>200</maxLength>
<renderedOnUi>NORMAL</renderedOnUi>
<extendedData>
<dataKey>ROLE</dataKey>
<stringValue>Buyer</stringValue>
</extendedData>
<extendedData>
<dataKey>TABINDEX</dataKey>
<stringValue>40</stringValue>
</extendedData>
<extendedData>
<dataKey>TEXTAREAROWS</dataKey>
</extendedData>
</scalarField>
<scalarField>
<fieldName>Seller</fieldName>
<fieldNumber>5</fieldNumber>
<description>Seller</description>
<fieldPosition>50</fieldPosition>
<dataType>COMPLEX</dataType>
<detailedDataType>PARTY</detailedDataType>
<indexed>true</indexed>
<summaryField>false</summaryField>
<maxLength>200</maxLength>
<renderedOnUi>NORMAL</renderedOnUi>
<extendedData>
<dataKey>ROLE</dataKey>
<stringValue>Seller</stringValue>
</extendedData>
<extendedData>
<dataKey>TABINDEX</dataKey>
<stringValue>50</stringValue>
</extendedData>
<extendedData>
<dataKey>TEXTAREAROWS</dataKey>
</extendedData>
</scalarField>
<scalarField>
<fieldName>ConversationRootType</fieldName>
<fieldNumber>6</fieldNumber>
<fieldPosition>60</fieldPosition>
<dataType>COMPLEX</dataType>
<detailedDataType>ROOTPOINTER</detailedDataType>
<indexed>false</indexed>
<summaryField>false</summaryField>
<maxLength>200</maxLength>
<renderedOnUi>NORMAL</renderedOnUi>
<extendedData>
<dataKey>ROOTTYPE</dataKey>
<stringValue>$ConversationQ1</stringValue>
</extendedData>
<extendedData>
<dataKey>OQLFILTER</dataKey>
<stringValue>state != "Canceled"</stringValue>
</extendedData>
<extendedData>
<dataKey>TABINDEX</dataKey>
<stringValue>60</stringValue>
</extendedData>
<extendedData>
<dataKey>TEXTAREAROWS</dataKey>
</extendedData>
</scalarField>
<workflowFeature>
<enabled>true</enabled>
<businessStatusField>state</businessStatusField>
<workflow>
<name>$$SampleTrainingObjectQ1CodWorkflowDesign</name>
<initialStatus>New</initialStatus>
<step>
<editRoles>Buyer,ObjectCreator</editRoles>
<state>New</state>
<taskedAction>Fail</taskedAction>
<systemDelete>false</systemDelete>
</step>
<step>
<state>Passed</state>
<systemDelete>false</systemDelete>
</step>
<step>
<editRoles>Buyer,Seller</editRoles>
<state>Failed</state>
<systemDelete>false</systemDelete>
</step>
<step>
<state>Canceled</state>
<systemDelete>false</systemDelete>
</step>
<transition>
<fromState>New</fromState>
<toState>Passed</toState>
<action>Pass</action>
<roles>Buyer</roles>
</transition>
<transition>
<fromState>New</fromState>
<toState>Failed</toState>
<action>Fail</action>
<roles>Seller</roles>
</transition>
<transition>
<fromState>New</fromState>
<toState>Canceled</toState>
<action>Cancel</action>
<roles>Buyer,Seller</roles>
</transition>
<transition>
<fromState>Failed</fromState>
<toState>New</toState>
<action>ReTest</action>
<roles>Buyer,Seller</roles>
</transition>
</workflow>
</workflowFeature>
<scriptingFeature>
<enabled>true</enabled>
<mimeType>text/javascript</mimeType>
<description>two.js</description>
<fileName>ScriptDesign_$SampleTrainingObjectQ1.js</fileName>
<fieldMaskingEnabled>true</fieldMaskingEnabled>
</scriptingFeature>
<attachmentFeature>
<enabled>true</enabled>
</attachmentFeature>
<pdfFeature>
<enabled>true</enabled>
</pdfFeature>
<reportingFeature>
<enabled>true</enabled>
</reportingFeature>
<integrationFeature>
<enabled>true</enabled>
<downloadRuntimeEnabled>true</downloadRuntimeEnabled>
<uploadRuntimeEnabled>true</uploadRuntimeEnabled>
</integrationFeature>
<anchor>
<transactionType>Order</transactionType>
<isCollection>true</isCollection>
</anchor>
<visibilityType>TRANSACTION</visibilityType>
<roleSecurity>
<role>Buyer</role>
<action>modify</action>
</roleSecurity>
<roleSecurity>
<role>Seller</role>
<action>modify</action>
</roleSecurity>
<roleSecurity>
<role>ObjectCreator</role>
<action>modify</action>
</roleSecurity>
<roleSecurity>
<role>Buyer</role>
<action>create</action>
</roleSecurity>
<codSection/>
<schemaVers>V12_3</schemaVers>
<apiVersion>310</apiVersion>
</CustomObjectDesignV110>
