<CustomObjectDesignV110><version>0</version><globalObjectType>$createMeQ1</globalObjectType><name>createMe</name><description>Verify we can create in one REST call</description><uniqueIdentifier>identifier</uniqueIdentifier><designType>PRIMARY</designType><scalarField><fieldName>identifier</fieldName><fieldNumber>1</fieldNumber><fieldPosition>10</fieldPosition><dataType>TEXT</dataType><detailedDataType>TEXT</detailedDataType><indexed>true</indexed><summaryField>true</summaryField><maxLength>100</maxLength><renderedOnUi>NORMAL</renderedOnUi><extendedData><dataKey>TABINDEX</dataKey><stringValue>10</stringValue></extendedData><extendedData><dataKey>TEXTAREAROWS</dataKey></extendedData></scalarField><scalarField><fieldName>counter</fieldName><fieldNumber>2</fieldNumber><fieldPosition>20</fieldPosition><dataType>NUMBER</dataType><detailedDataType>INTEGER</detailedDataType><indexed>true</indexed><summaryField>true</summaryField><maxLength>200</maxLength><renderedOnUi>NORMAL</renderedOnUi><extendedData><dataKey>TABINDEX</dataKey><stringValue>20</stringValue></extendedData><extendedData><dataKey>TEXTAREAROWS</dataKey></extendedData></scalarField><navFeature><enabled>true</enabled><navHeading>utilities</navHeading></navFeature><visibilityType>COMMUNITY</visibilityType><roleSecurity><role>Buyer</role><action>create</action></roleSecurity><roleSecurity><role>Buyer</role><action>modify</action></roleSecurity><roleSecurity><role>ObjectCreator</role><action>modify</action></roleSecurity><codSection></codSection><schemaVers>V12_3</schemaVers><apiVersion>310</apiVersion></CustomObjectDesignV110>