<CustomObjectDesignV110><version>0</version><globalObjectType>$WorkflowPlayground2Q1</globalObjectType><name>WorkflowPlayground2</name><uniqueIdentifier>identifier</uniqueIdentifier><licenseeField>Party1</licenseeField><designType>PRIMARY</designType><scalarField><fieldName>identifier</fieldName><fieldNumber>1</fieldNumber><fieldPosition>10</fieldPosition><dataType>TEXT</dataType><detailedDataType>TEXT</detailedDataType><indexed>true</indexed><summaryField>true</summaryField><maxLength>200</maxLength><renderedOnUi>NORMAL</renderedOnUi><extendedData><dataKey>TABINDEX</dataKey><stringValue>10</stringValue></extendedData><extendedData><dataKey>TEXTAREAROWS</dataKey></extendedData></scalarField><scalarField><fieldName>state</fieldName><fieldNumber>2</fieldNumber><fieldPosition>20</fieldPosition><dataType>TEXT</dataType><detailedDataType>TEXT</detailedDataType><indexed>true</indexed><summaryField>true</summaryField><maxLength>200</maxLength><renderedOnUi>READONLY</renderedOnUi><extendedData><dataKey>TABINDEX</dataKey><stringValue>20</stringValue></extendedData><extendedData><dataKey>TEXTAREAROWS</dataKey></extendedData></scalarField><scalarField><fieldName>Party1</fieldName><fieldNumber>3</fieldNumber><fieldPosition>30</fieldPosition><dataType>COMPLEX</dataType><detailedDataType>PARTY</detailedDataType><indexed>true</indexed><summaryField>true</summaryField><maxLength>200</maxLength><renderedOnUi>NORMAL</renderedOnUi><extendedData><dataKey>ROLE</dataKey><stringValue>Buyer</stringValue></extendedData><extendedData><dataKey>TABINDEX</dataKey><stringValue>30</stringValue></extendedData><extendedData><dataKey>TEXTAREAROWS</dataKey></extendedData></scalarField><scalarField><fieldName>Party2</fieldName><fieldNumber>4</fieldNumber><fieldPosition>40</fieldPosition><dataType>COMPLEX</dataType><detailedDataType>PARTY</detailedDataType><indexed>true</indexed><summaryField>true</summaryField><maxLength>200</maxLength><renderedOnUi>NORMAL</renderedOnUi><extendedData><dataKey>ROLE</dataKey><stringValue>Seller</stringValue></extendedData><extendedData><dataKey>TABINDEX</dataKey><stringValue>40</stringValue></extendedData><extendedData><dataKey>TEXTAREAROWS</dataKey></extendedData></scalarField><scalarField><fieldName>TaskedParty</fieldName><fieldNumber>5</fieldNumber><fieldPosition>50</fieldPosition><dataType>COMPLEX</dataType><detailedDataType>PARTY</detailedDataType><indexed>true</indexed><summaryField>true</summaryField><maxLength>200</maxLength><renderedOnUi>NORMAL</renderedOnUi><extendedData><dataKey>ROLE</dataKey><stringValue>Carrier</stringValue></extendedData><extendedData><dataKey>TABINDEX</dataKey><stringValue>50</stringValue></extendedData><extendedData><dataKey>TEXTAREAROWS</dataKey></extendedData></scalarField><workflowFeature><enabled>true</enabled><businessStatusField>state</businessStatusField><workflow><name>$$WorkflowPlayground2Q1CodWorkflowDesign</name><initialStatus>New</initialStatus><step><editRoles>Buyer,Seller,Carrier,ObjectCreator</editRoles><state>New</state><taskedAction>Task</taskedAction><systemDelete>false</systemDelete></step><step><editRoles>Buyer,Seller,Carrier,ObjectCreator</editRoles><state>Tasked</state><taskedAction>ReTask</taskedAction><systemDelete>false</systemDelete></step><step><editRoles>Buyer,Seller,Carrier,ObjectCreator</editRoles><state>ReTasked</state><taskedAction>ReTask</taskedAction><systemDelete>false</systemDelete></step><step><state>Completed</state><systemDelete>false</systemDelete></step><transition><fromState>New</fromState><toState>Tasked</toState><action>Task</action><roles>Buyer</roles></transition><transition><fromState>Tasked</fromState><toState>ReTasked</toState><action>ReTask</action><roles>Seller</roles></transition><transition><fromState>Tasked</fromState><toState>Completed</toState><action>Complete</action><roles>Seller</roles></transition><transition><fromState>ReTasked</fromState><toState>Tasked</toState><action>ReTask</action><roles>Buyer</roles></transition><transition><fromState>ReTasked</fromState><toState>Completed</toState><action>Complete</action><roles>Buyer</roles></transition></workflow></workflowFeature><navFeature><enabled>true</enabled><navHeading>process</navHeading></navFeature><visibilityType>COMMUNITY</visibilityType><roleSecurity><role>Buyer</role><action>modify</action></roleSecurity><roleSecurity><role>Seller</role><action>modify</action></roleSecurity><roleSecurity><role>Carrier</role><action>modify</action></roleSecurity><roleSecurity><role>ObjectCreator</role><action>modify</action></roleSecurity><roleSecurity><role>Buyer</role><action>create</action></roleSecurity><roleSecurity><role>Seller</role><action>create</action></roleSecurity><roleSecurity><role>Carrier</role><action>create</action></roleSecurity><codSection></codSection><schemaVers>V12_3</schemaVers><apiVersion>310</apiVersion></CustomObjectDesignV110>