<CUSTOMLINKD1><__metadata><apiVersion>400</apiVersion><type>$CustomLinkD1</type><uid>123507880</uid><createTimestamp>2014-07-21 20:01:40.021</createTimestamp><modifyTimestamp>2014-07-22 14:07:06.914</modifyTimestamp><status>Active</status><creatorId>5717989018004281</creatorId><fingerprint>2d76f09ec0b640e9d348b579c11c4ede</fingerprint></__metadata><type>$CustomLinkD1</type><uid>123507880</uid><customLinkId>123518446</customLinkId><platformModuleId>121329544</platformModuleId><platformModuleType>PlatformModule</platformModuleType><name>InternalLinkExample</name><url>/draft/foo</url><status>Active</status><localizationKey>$CustomLink/InternalLinkExample</localizationKey><licenseeOnly>true</licenseeOnly><linkType>Internal</linkType><location>NavHeading_admin</location><fingerprint>2d76f09ec0b640e9d348b579c11c4ede</fingerprint></CUSTOMLINKD1>