<CUSTOMLINKD1><__metadata><apiVersion>400</apiVersion><type>$CustomLinkD1</type><uid>123507881</uid><createTimestamp>2014-07-21 20:01:40.073</createTimestamp><modifyTimestamp>2014-07-22 14:07:06.931</modifyTimestamp><status>Active</status><creatorId>5717989018004281</creatorId><fingerprint>7a4cace81f2bc63180ecb82ae521af90</fingerprint></__metadata><type>$CustomLinkD1</type><uid>123507881</uid><customLinkId>123518447</customLinkId><platformModuleId>121329544</platformModuleId><platformModuleType>PlatformModule</platformModuleType><name>ExternalLinkExample</name><url>https://developer.gtnexus.com</url><status>Active</status><localizationKey>$CustomLink/ExternalLinkExample</localizationKey><linkType>External</linkType><location>NavHeading_utilities</location><fingerprint>7a4cace81f2bc63180ecb82ae521af90</fingerprint></CUSTOMLINKD1>