<PlatformModule><__metadata><apiVersion>400</apiVersion><type>PlatformModule</type><uid>121329544</uid><createTimestamp>2014-02-25 18:21:51.511</createTimestamp><modifyTimestamp>2014-07-22 14:07:07.098</modifyTimestamp><status>Active</status><fingerprint>30f5973308d430ebb109d3c4c5ea6849</fingerprint></__metadata><authorType>TradeCustomer</authorType><moduleId>121329544</moduleId><ownerId>5717989018004281</ownerId><ownerType>TradeCustomer</ownerType><modifyTimestamp>2014-07-22 14:07:07.098</modifyTimestamp><authorId>5717989018004281</authorId><notificationTopic><notificationConfiguration><suppressible>false</suppressible><notificationDeliveryMethod>EMAIL</notificationDeliveryMethod><apiVersion>310</apiVersion><scriptingFn>exampleNotificationFn</scriptingFn><locale>en_US</locale><role>Buyer</role><assignedTemplateId><v>SampleTempate</v><k>123518698</k></assignedTemplateId><targetType>$$WorkflowPlayground2Q1</targetType></notificationConfiguration><topicName>SampleTopic</topicName></notificationTopic><createTimestamp>2014-02-25 18:21:51.511</createTimestamp><userVersion>1</userVersion><name>EvangelistPlayground</name><customUiConfiguration><uiType>STANDARD</uiType><globalObjectType>$coForDeletionQ1</globalObjectType></customUiConfiguration><customUiConfiguration><uiType>STANDARD</uiType><globalObjectType>$createMeQ1</globalObjectType></customUiConfiguration><customUiConfiguration><uiType>STANDARD</uiType><globalObjectType>$SampleTrainingObjectQ1</globalObjectType></customUiConfiguration><customUiConfiguration><uiType>STANDARD</uiType><globalObjectType>$tryItOutQ1</globalObjectType></customUiConfiguration><customUiConfiguration><uiType>STANDARD</uiType><globalObjectType>$WorkflowPlayground2Q1</globalObjectType></customUiConfiguration><customUiConfiguration><uiType>STANDARD</uiType><globalObjectType>$workflowPlaygroundQ1</globalObjectType></customUiConfiguration></PlatformModule>