{
	"pages": {
		"ListOfSellers": {
			"start": true,
			"types": ["$listOfSellersQ1"],
			"template": "ListOfSellers.html",
			"routes": {
                "edit": "ListOfSellers.edit",
                "LicenseePickerForSellerList": "LicenseePickerForSellerList"
			}
		},
        "ListOfSellers.edit": {
			"types": ["$listOfSellersQ1"],
			"editable": true,
			"template": "ListOfSellers.html",
			"routes": {
                "preview": "ListOfSellers"
			}
		},
		"LicenseePickerForSellerList": {
			"template": "LicenseePickerForSellerList.html",
			"types": ["$listOfSellersQ1"],
			"editable": true,
			"routes": {
				"ListOfSellers": "ListOfSellers"
			}
		}
	}
}